Workbook

Sheet Leia-me
A1: Planilha de culturas e fertilizantes – TCC Previsão do preço de importação de fertilizantes
A3: Objetivo: delimitar as culturas do agro que mais demandam fertilizantes e quando ocorre a compra (pré-plantio),
A4: conforme sugestão do orientador (Prof. Edward, reunião de 10/10/2026).
A6: Abas:
A7: Culturas – resumo por cultura: exportações, nutrientes, fertilizantes-chave, calendário e prioridade no estudo.
A8: Calendario – plantio (P) e colheita (C) por mês (Conab) e participação mensal do volume importado.
A9: Fertilizantes_NCM – NCMs dos fertilizantes do estudo, volume e preço de 2025.
A10: Sazonalidade_importacao – volume importado por mês (2015–2025) e testes de sazonalidade de preço.
A11: Exportacoes_agro – exportações dos principais produtos do agro (ComexStat), 2023–2025.
A12: Fontes – referências de cada informação.
A14: Legenda de cores: texto azul = dado de entrada (fonte citada); preto = fórmula; verde = vínculo com outra aba.
A15: Células com 'a confirmar' ainda precisam de checagem em fonte primária.
A16: Dados gerados pelos scripts do repositório (src/06_exportacoes_agro.py e src/01_baixar_comexstat.py).

Sheet Culturas
A1: Culturas do agro, fertilizantes e janela de compra – base para delimitar o estudo
A3: Cultura | B3: Produtos exportados (SH4) | C3: Exportação 2025 (US$ bi) | D3: Nutrientes mais demandados | E3: Fertilizantes-chave (NCM) | F3: Principais regiões | G3: Plantio (Conab) | H3: Colheita (Conab) | I3: Janela provável de compra/importação | J3: Prioridade no TCC | K3: Observações
A4: Soja | B4: 1201, 2304, 1507 | C4: =SUMIF(Exportacoes_agro!$C:$C,"Soja",Exportacoes_agro!$F:$F) -> 52.887 | D4: P e K (N via fixação biológica) | E4: KCl (31042090); MAP (31054000) | F4: MT, PR, GO, RS, MS | G4: Set–Dez | H4: Jan–Mai | I4: Mai–Set (pico de importação de K e NPK) | J4: Alta | K4: Maior exportação do agro. Robustez principal sugerida pelo orientador: modelos de KCl e MAP avaliados na janela pré-plantio.
A5: Milho (1ª e 2ª safra) | B5: 1005 | C5: =SUMIF(Exportacoes_agro!$C:$C,"Milho",Exportacoes_agro!$F:$F) -> 8.574 | D5: N (principal), P, K | E5: Ureia (31021010); sulfato de amônio (31022100); MAP | F5: MT, PR, GO, MS | G5: 1ª: Set–Dez · 2ª: Jan–Mar | H5: 1ª: Fev–Jun · 2ª: Mai–Set | I5: N: Set–Dez (pico de importação de N) | J5: Alta | K5: Principal usuário de ureia. Milho 2ª safra é plantado logo após a soja.
A6: Cana-de-açúcar | B6: 1701, 2207 | C6: =SUMIF(Exportacoes_agro!$C:$C,"Cana-de-açúcar",Exportacoes_agro!$F:$F) -> 15.023 | D6: K e N | E6: KCl; ureia; sulfato de amônio | F6: SP, GO, MG, MS, PR | G6: Jan–Mar (ano e meio); Out–Nov (de ano) | H6: Abr–Nov (a confirmar) | I6: Set–Dez e Jan–Mar (a confirmar) | J6: Alta | K6: Soja, milho e cana somam ~72% do consumo de fertilizantes (MAPA/PNF, 2020).
A7: Café | B7: 0901 | C7: =SUMIF(Exportacoes_agro!$C:$C,"Café",Exportacoes_agro!$F:$F) -> 14.921 | D7: N e K | E7: Ureia; KCl; sulfato de amônio | F7: MG, ES, SP | G7: Perene | H7: Mai–Set (a confirmar) | I7: Ago–Nov, antes das chuvas (a confirmar) | J7: Média | K7: 2ª maior exportação do agro em 2025; cultura perene: adubação parcelada no período chuvoso.
A8: Algodão | B8: 5201 | C8: =SUMIF(Exportacoes_agro!$C:$C,"Algodão",Exportacoes_agro!$F:$F) -> 4.929 | D8: N e K | E8: Ureia; KCl | F8: MT, BA, GO | G8: Nov–Fev | H8: Jun–Set | I8: Ago–Dez (a confirmar) | J8: Média | K8: Em MT, plantado como 2ª safra após a soja.
A9: Trigo | B9: — | C9: — | D9: N | E9: Ureia | F9: PR, RS | G9: Abr–Jul | H9: Ago–Dez | I9: Fev–Mai (a confirmar) | J9: Baixa | K9: Brasil é importador de trigo; área pequena frente a soja e milho.
A10: Pecuária (carnes) | B10: 0202, 0207, 0203 | C10: =SUMIF(Exportacoes_agro!$C:$C,"Pecuária",Exportacoes_agro!$F:$F) -> 26.633 | D10: Indireto (milho e soja na ração); pastagens | E10: — | F10: Diversas | G10: — | H10: — | I10: — | J10: Baixa | K10: Não modelar diretamente: efeito passa por milho e soja.
A11: Celulose, laranja, fumo | B11: 4703, 2009, 2401 | C11: =SUMIF(Exportacoes_agro!$C:$C,"Eucalipto/silvicultura",Exportacoes_agro!$F:$F)+SUMIF(Exportacoes_agro!$C:$C,"Laranja",Exportacoes_agro!$F:$F)+SUMIF(Exportacoes_agro!$C:$C,"Fumo",Exportacoes_agro!$F:$F) -> 15.817 | D11: Variado | E11: — | F11: Diversas | G11: — | H11: — | I11: — | J11: Baixa | K11: Pequena participação no consumo de fertilizantes.
A13: Proposta para o TCC: um modelo por fertilizante (ureia, KCl, MAP) e, como robustez, a soja (KCl e MAP) avaliada na janela pré-plantio.
A14: Exportação 2025 vem da aba Exportacoes_agro (fórmula). 'a confirmar' = checar em fonte primária (Conab cana/café).
A15: Para preencher: novas culturas entram como nova linha; mantenha o texto azul para dados de entrada e cite a fonte na aba Fontes.

Sheet Exportacoes_agro
A1: Exportações dos principais produtos do agro – US$ bilhões (FOB)
A3: SH4 | B3: Produto | C3: Cultura de origem | D3: 2023 | E3: 2024 | F3: 2025 | G3: Part. 2025 no grupo
A4: 1201 | B4: Soja em grão | C4: Soja | D4: 53.245 | E4: 42.95 | F4: 43.536 | G4: =F4/$F$18 -> 0.3136961
A5: 0901 | B5: Café | C5: Café | D5: 7.351 | E5: 11.374 | F5: 14.921 | G5: =F5/$F$18 -> 0.10751239
A6: 0202 | B6: Carne bovina congelada | C6: Pecuária | D6: 8.533 | E6: 10.089 | F6: 14.446 | G6: =F6/$F$18 -> 0.10408981
A7: 1701 | B7: Açúcar | C7: Cana-de-açúcar | D7: 15.751 | E7: 18.602 | F7: 14.111 | G7: =F7/$F$18 -> 0.10167599
A8: 4703 | B8: Celulose | C8: Eucalipto/silvicultura | D8: 7.173 | E8: 9.736 | F8: 9.17 | G8: =F8/$F$18 -> 0.066073899
A9: 0207 | B9: Carne de frango | C9: Pecuária | D9: 8.971 | E9: 9.08 | F9: 8.816 | G9: =F9/$F$18 -> 0.063523173
A10: 1005 | B10: Milho | C10: Milho | D10: 13.613 | E10: 8.177 | F10: 8.574 | G10: =F10/$F$18 -> 0.061779456
A11: 2304 | B11: Farelo de soja | C11: Soja | D11: 11.499 | E11: 9.689 | F11: 7.903 | G11: =F11/$F$18 -> 0.056944605
A12: 5201 | B12: Algodão | C12: Algodão | D12: 3.074 | E12: 5.155 | F12: 4.929 | G12: =F12/$F$18 -> 0.035515621
A13: 2009 | B13: Suco de frutas (laranja) | C13: Laranja | D13: 2.679 | E13: 3.506 | F13: 3.502 | G13: =F13/$F$18 -> 0.025233456
A14: 0203 | B14: Carne suína | C14: Pecuária | D14: 2.631 | E14: 2.83 | F14: 3.371 | G14: =F14/$F$18 -> 0.024289543
A15: 2401 | B15: Fumo | C15: Fumo | D15: 2.544 | E15: 2.773 | F15: 3.145 | G15: =F15/$F$18 -> 0.022661114
... A17: 2207 | B17: Etanol | C17: Cana-de-açúcar | D17: 1.608 | E17: 1.051 | F17: 0.912 | G17: =F17/$F$18 -> 0.0065713627
B18: Total dos produtos listados | D18: =SUM(D4:D17) -> 141.185 | E18: =SUM(E4:E17) -> 136.324 | F18: =SUM(F4:F17) -> 138.784
A20: Fonte: ComexStat/MDIC, exportações por posição SH4, valor FOB. Baixado via API em 10/10/2026 (src/06_exportacoes_agro.py).

Sheet Fertilizantes_NCM
A1: Fertilizantes do estudo – NCM, volume e preço médio de importação (2025)
A3: NCM | B3: Descrição | C3: Nutriente | D3: Volume 2025 (Mt) | E3: Valor FOB 2025 (US$ mi) | F3: Preço médio 2025 (US$/t) | G3: Primeiro ano | H3: Meses com dado | I3: Culturas que mais usam | J3: Uso no TCC
A4: 31021010 | B4: Ureia (N > 45%) | C4: N | D4: 7.725 | E4: 3054.7 | F4: =E4/D4 -> 395.43042 | G4: 1997 | H4: 356 | I4: Milho (1ª e 2ª safra), cana, café, algodão, trigo | J4: Modelo por produto (N)
A5: 31022100 | B5: Sulfato de amônio | C5: N + S | D5: 7.779 | E5: 1281.3 | F5: =E5/D5 -> 164.71269 | G5: 1997 | H5: 356 | I5: Cana, café, milho; substituto da ureia em 2026 | J5: Robustez (N)
A6: 31042090 | B6: Outros cloretos de potássio (principal NCM de KCl) | C6: K | D6: 13.455 | E6: 4095.6 | F6: =E6/D6 -> 304.39242 | G6: 1997 | H6: 356 | I6: Soja, cana, café, algodão | J6: Modelo por produto (K) – foco soja
A7: 31042010 | B7: Cloreto de potássio, K2O ≤ 60% | C7: K | D7: 0.228 | E7: 68.8 | F7: =E7/D7 -> 301.75439 | G7: 1997 | H7: 300 | I7: Soja, cana | J7: Pouco volume – somar ao KCl
A8: 31054000 | B8: MAP (fosfato monoamônico) | C8: P + N | D8: 3.139 | E8: 2077 | F8: =E8/D8 -> 661.67569 | G8: 1997 | H8: 354 | I8: Soja, milho, algodão | J8: Modelo por produto (P) – foco soja
A9: 31053000 | B9: DAP (fosfato diamônico) | C9: P + N | D9: 0.148 | E9: 95.9 | F9: =E9/D9 -> 647.97297 | G9: 2019 | H9: 92 | I9: Milho, algodão | J9: Série com muitos meses vazios – não modelar
A11: Preço médio = valor FOB ÷ volume (fórmula). Fonte: ComexStat/MDIC, importações por NCM, jan/1997–ago/2026 (src/01_baixar_comexstat.py).
A12: Soja: fixação biológica de nitrogênio (Bradyrhizobium) supre quase todo o N; por isso o foco da soja é K e P (Embrapa; MAPA/PNF).

Sheet Sazonalidade_importacao
A1: Volume importado por mês – soma 2015–2025 (milhões de t) e participação mensal
A3: Posição | B3: Grupo | C3: Jan | D3: Fev | E3: Mar | F3: Abr | G3: Mai | H3: Jun | I3: Jul | J3: Ago | K3: Set | L3: Out | M3: Nov | N3: Dez | O3: Total
A4: 3102 | B4: Nitrogenados | C4: 10.789 | D4: 9.988 | E4: 8.671 | F4: 7.419 | G4: 7.49 | H4: 8.376 | I4: 9.387 | J4: 10.919 | K4: 13.271 | L4: 15.168 | M4: 14.824 | N4: 15.345 | O4: =SUM(C4:N4) -> 131.647
A5: 3104 | B5: Potássicos | C5: 7.005 | D5: 7.509 | E5: 8.847 | F5: 8.973 | G5: 11.771 | H5: 12.984 | I5: 13.814 | J5: 13.998 | K5: 11.802 | L5: 10.273 | M5: 10.062 | N5: 9.631 | O5: =SUM(C5:N5) -> 126.669
A6: 3105 | B6: NPK, MAP, DAP (mistos) | C6: 5.066 | D6: 5.075 | E6: 5.601 | F6: 5.769 | G6: 7.14 | H6: 8.421 | I6: 9.62 | J6: 9.774 | K6: 9.554 | L6: 8.054 | M6: 7.652 | N6: 6.194 | O6: =SUM(C6:N6) -> 87.92
A7: Participação mensal (% do volume anual)
A8: Posição | B8: Grupo | C8: Jan | D8: Fev | E8: Mar | F8: Abr | G8: Mai | H8: Jun | I8: Jul | J8: Ago | K8: Set | L8: Out | M8: Nov | N8: Dez | O8: Total
A9: =A4 -> 3102 | B9: =B4 -> Nitrogenados | C9: =C4/$O$4 -> 0.081954013 | D9: =D4/$O$4 -> 0.07586956 | E9: =E4/$O$4 -> 0.065865534 | F9: =F4/$O$4 -> 0.056355253 | G9: =G4/$O$4 -> 0.056894574 | H9: =H4/$O$4 -> 0.063624693 | I9: =I4/$O$4 -> 0.071304321 | J9: =J4/$O$4 -> 0.082941503 | ... N9: =N4/$O$4 -> 0.11656171 | O9: =SUM(C9:N9) -> 1
A10: =A5 -> 3104 | B10: =B5 -> Potássicos | C10: =C5/$O$5 -> 0.055301613 | D10: =D5/$O$5 -> 0.059280487 | E10: =E5/$O$5 -> 0.06984345 | F10: =F5/$O$5 -> 0.070838169 | G10: =G5/$O$5 -> 0.092927236 | H10: =H5/$O$5 -> 0.10250337 | I10: =I5/$O$5 -> 0.10905589 | J10: =J5/$O$5 -> 0.11050849 | ... N10: =N5/$O$5 -> 0.07603281 | O10: =SUM(C10:N10) -> 1
A11: =A6 -> 3105 | B11: =B6 -> NPK, MAP, DAP (mistos) | C11: =C6/$O$6 -> 0.057620564 | D11: =D6/$O$6 -> 0.05772293 | E11: =E6/$O$6 -> 0.063705641 | F11: =F6/$O$6 -> 0.06561647 | G11: =G6/$O$6 -> 0.081210191 | H11: =H6/$O$6 -> 0.095780255 | I11: =I6/$O$6 -> 0.10941765 | J11: =J6/$O$6 -> 0.11116924 | ... N11: =N6/$O$6 -> 0.070450409 | O11: =SUM(C11:N11) -> 1
A14: Teste de sazonalidade no preço (dummies mensais na variação log, 2000–2025, erros robustos HC1)
A15: Série | B15: Fonte | C15: p-valor (F) | D15: Leitura
A16: Ureia (internacional) | B16: Banco Mundial | C16: 0.143 | D16: Sem sazonalidade significativa a 5%
A17: Cloreto de potássio (internacional) | B17: Banco Mundial | C17: 0.918 | D17: Sem sazonalidade
A18: DAP (internacional) | B18: Banco Mundial | C18: 0.002 | D18: Sazonalidade significativa
A19: Nitrogenados – importação BR (3102) | B19: ComexStat | C19: 0.068 | D19: Fraca (significativa só a 10%)
A20: Potássicos – importação BR (3104) | B20: ComexStat | C20: 0.923 | D20: Sem sazonalidade
A21: NPK/MAP – importação BR (3105) | B21: ComexStat | C21: 0.016 | D21: Sazonalidade significativa
A23: Leitura: o VOLUME importado é sazonal (K e NPK concentram mai–set, antes do plantio da soja; N concentra set–dez). O PREÇO é pouco sazonal, exceto fosfatados. Cálculo próprio a partir do ComexStat e da Pink Sheet (10/10/2026); refazer no notebook de EDA.

Sheet Calendario
A1: Calendário agrícola (P = plantio, C = colheita, P/C = ambos) e janela de importação
A3: Cultura | B3: Região de referência | C3: Jan | D3: Fev | E3: Mar | F3: Abr | G3: Mai | H3: Jun | I3: Jul | J3: Ago | K3: Set | L3: Out | M3: Nov | N3: Dez | O3: Fonte
A4: Soja | B4: Centro-Oeste (MT, GO, MS) | C4: C | D4: C | E4: C | F4: C | K4: P | L4: P | M4: P | N4: P | O4: Conab, Calendário de plantio e colheita (2022), p. 54–55
A5: Soja | B5: Sul (PR, RS, SC) | C5: P/C | D5: C | E5: C | F5: C | G5: C | K5: P | L5: P | M5: P | N5: P | O5: Conab, Calendário de plantio e colheita (2022), p. 54–55
A6: Milho 1ª safra | B6: Centro-Oeste | D6: C | E6: C | F6: C | G6: C | H6: C | K6: P | L6: P | M6: P | N6: P | O6: Conab (2022), p. 43
A7: Milho 2ª safra (safrinha) | B7: Centro-Oeste | C7: P | D7: P | E7: P | G7: C | H7: C | I7: C | J7: C | K7: C | O7: Conab (2022), p. 48
A8: Algodão | B8: Centro-Oeste (MT, GO) | C8: P | D8: P | H8: C | I8: C | J8: C | K8: C | M8: P | N8: P | O8: Conab (2022), p. 12
A9: Trigo | B9: Sul (PR, RS, SC) | F9: P | G9: P | H9: P | I9: P | J9: C | K9: C | L9: C | M9: C | N9: C | O9: Conab (2022), p. 69
A10: Cana-de-açúcar | B10: Centro-Sul | C10: P | D10: P | E10: P | F10: C | G10: C | H10: C | I10: C | J10: C | K10: C | L10: P/C | M10: P/C | O10: Plantio: Agrolink (ano e meio jan–mar; de ano out–nov). Colheita: a confirmar (Conab cana)
A11: Café (arábica) | B11: Sudeste (MG, SP) | G11: C | H11: C | I11: C | J11: C | K11: C | O11: Colheita: a confirmar (Conab café). Perene: adubação nas chuvas (out–mar), a confirmar
A13: Participação mensal do volume importado (2015–2025)
A14: =Sazonalidade_importacao!B9 -> Nitrogenados | B14: Brasil – importação | C14: =Sazonalidade_importacao!C9 -> 0.081954013 | D14: =Sazonalidade_importacao!D9 -> 0.07586956 | E14: =Sazonalidade_importacao!E9 -> 0.065865534 | F14: =Sazonalidade_importacao!F9 -> 0.056355253 | G14: =Sazonalidade_importacao!G9 -> 0.056894574 | H14: =Sazonalidade_importacao!H9 -> 0.063624693 | I14: =Sazonalidade_importacao!I9 -> 0.071304321 | J14: =Sazonalidade_importacao!J9 -> 0.082941503 | ... N14: =Sazonalidade_importacao!N9 -> 0.11656171
A15: =Sazonalidade_importacao!B10 -> Potássicos | B15: Brasil – importação | C15: =Sazonalidade_importacao!C10 -> 0.055301613 | D15: =Sazonalidade_importacao!D10 -> 0.059280487 | E15: =Sazonalidade_importacao!E10 -> 0.06984345 | F15: =Sazonalidade_importacao!F10 -> 0.070838169 | G15: =Sazonalidade_importacao!G10 -> 0.092927236 | H15: =Sazonalidade_importacao!H10 -> 0.10250337 | I15: =Sazonalidade_importacao!I10 -> 0.10905589 | J15: =Sazonalidade_importacao!J10 -> 0.11050849 | ... N15: =Sazonalidade_importacao!N10 -> 0.07603281
A16: =Sazonalidade_importacao!B11 -> NPK, MAP, DAP (mistos) | B16: Brasil – importação | C16: =Sazonalidade_importacao!C11 -> 0.057620564 | D16: =Sazonalidade_importacao!D11 -> 0.05772293 | E16: =Sazonalidade_importacao!E11 -> 0.063705641 | F16: =Sazonalidade_importacao!F11 -> 0.06561647 | G16: =Sazonalidade_importacao!G11 -> 0.081210191 | H16: =Sazonalidade_importacao!H11 -> 0.095780255 | I16: =Sazonalidade_importacao!I11 -> 0.10941765 | J16: =Sazonalidade_importacao!J11 -> 0.11116924 | ... N16: =Sazonalidade_importacao!N11 -> 0.070450409
A18: Leitura: K e NPK são importados sobretudo de mai a set, antes do plantio da soja (set–dez); N concentra set–dez (milho 1ª safra e cobertura, cana). A janela de compra precede o plantio.

Sheet Fontes
A1: Fontes
A3: Informação | B3: Fonte | C3: Link / observação
A4: Exportações do agro | B4: ComexStat/MDIC – exportações por SH4 (API) | C4: https://comexstat.mdic.gov.br – baixado em 10/10/2026
A5: Importações de fertilizantes | B5: ComexStat/MDIC – importações por SH4 e NCM (API) | C5: https://comexstat.mdic.gov.br – jan/1997 a ago/2026
A6: Preços internacionais | B6: Banco Mundial – Pink Sheet (out/2026) | C6: https://www.worldbank.org/en/research/commodity-markets
A7: Calendário de grãos e algodão | B7: Conab – Calendário de plantio e colheita de grãos no Brasil (2022) | C7: https://www.gov.br/conab/pt-br/acesso-a-informacao/institucional/publicacoes/arquivos-de-paginas/calendariozplantiozezcolheitazjunz2022.pdf
A8: Plantio da cana | B8: Agrolink – Plantio da cana-de-açúcar | C8: https://www.agrolink.com.br/culturas/cana-de-acucar/informacoes-da-cultura/pre-plantio-e-plantio/plantio-da-cana-de-acucar_438272.html
A9: Consumo por cultura (soja+milho+cana = 72%, 2020) | B9: MAPA – Plano Nacional de Fertilizantes, estatísticas do setor | C9: https://www.gov.br/agricultura/pt-br/assuntos/insumos-agropecuarios/insumos-agricolas/fertilizantes/plano-nacional-de-fertilizantes/estatisticas-do-setor
A10: Fixação biológica de N na soja | B10: Embrapa; Conecta Agro Brasil (09/09/2026) | C10: https://conectaagrobrasil.com.br/agricultura/consumo-de-fertilizantes-por-soja-milho-e-cana-no-brasil-passa-de-70-por-que-tres-culturas-concentram-tanto-adubo/
A11: Sazonalidade e choques | B11: Cálculo próprio (ComexStat e Pink Sheet) | C11: Refazer e documentar no notebook de análise exploratória
